datetime,latitude,longitude,altitude
2026-10-04T08:00:00Z,21.00000,-102.00000,1870.0
2026-10-04T08:01:00Z,21.00073,-102.00080,2170.0
2026-10-04T08:02:00Z,21.00095,-102.00283,2470.0
2026-10-04T08:03:00Z,21.00096,-102.00618,2770.0
2026-10-04T08:04:00Z,21.00129,-102.01100,3070.0
2026-10-04T08:05:00Z,21.00198,-102.01573,3370.0
2026-10-04T08:06:00Z,21.00248,-102.01932,3670.0
2026-10-04T08:07:00Z,21.00231,-102.02213,3970.0
2026-10-04T08:08:00Z,21.00136,-102.02513,4270.0
2026-10-04T08:09:00Z,20.99973,-102.02871,4570.0
2026-10-04T08:10:00Z,20.99779,-102.03252,4870.0
2026-10-04T08:11:00Z,20.99631,-102.03575,5170.0
2026-10-04T08:12:00Z,20.99540,-102.03818,5470.0
2026-10-04T08:13:00Z,20.99481,-102.04012,5770.0
2026-10-04T08:14:00Z,20.99434,-102.04193,6070.0
2026-10-04T08:15:00Z,20.99415,-102.04358,6370.0
2026-10-04T08:16:00Z,20.99401,-102.04505,6670.0
2026-10-04T08:17:00Z,20.99373,-102.04648,6970.0
2026-10-04T08:18:00Z,20.99315,-102.04807,7270.0
2026-10-04T08:19:00Z,20.99211,-102.04988,7570.0
2026-10-04T08:20:00Z,20.99066,-102.05183,7870.0
2026-10-04T08:21:00Z,20.98894,-102.05373,8170.0
2026-10-04T08:22:00Z,20.98722,-102.05546,8470.0
2026-10-04T08:23:00Z,20.98560,-102.05701,8770.0
2026-10-04T08:24:00Z,20.98385,-102.05851,9070.0
2026-10-04T08:25:00Z,20.98191,-102.06001,9370.0
2026-10-04T08:26:00Z,20.97961,-102.06158,9670.0
2026-10-04T08:27:00Z,20.97706,-102.06324,9970.0
2026-10-04T08:28:00Z,20.97451,-102.06498,10270.0
2026-10-04T08:29:00Z,20.97181,-102.06677,10570.0
2026-10-04T08:30:00Z,20.96854,-102.06845,10870.0
2026-10-04T08:31:00Z,20.96474,-102.06994,11170.0
2026-10-04T08:32:00Z,20.96097,-102.07064,11470.0
2026-10-04T08:33:00Z,20.95728,-102.07052,11770.0
2026-10-04T08:34:00Z,20.95386,-102.07005,12070.0
2026-10-04T08:35:00Z,20.95084,-102.06955,12370.0
2026-10-04T08:36:00Z,20.94819,-102.06902,12670.0
2026-10-04T08:37:00Z,20.94570,-102.06845,12970.0
2026-10-04T08:38:00Z,20.94337,-102.06783,13270.0
2026-10-04T08:39:00Z,20.94103,-102.06718,13570.0
2026-10-04T08:40:00Z,20.93830,-102.06656,13870.0
2026-10-04T08:41:00Z,20.93514,-102.06598,14170.0
2026-10-04T08:42:00Z,20.93151,-102.06557,14470.0
2026-10-04T08:43:00Z,20.92715,-102.06626,14770.0
2026-10-04T08:44:00Z,20.92204,-102.06814,15070.0
2026-10-04T08:45:00Z,20.91617,-102.07121,15370.0
2026-10-04T08:46:00Z,20.90991,-102.07534,15670.0
2026-10-04T08:47:00Z,20.90366,-102.08035,15970.0
2026-10-04T08:48:00Z,20.89745,-102.08623,16270.0
2026-10-04T08:49:00Z,20.89126,-102.09296,16570.0
2026-10-04T08:49:59.53125Z,20.88531,-102.10020,16867.7
2026-10-04T08:49:59.53125Z,20.88531,-102.10020,16867.7
2026-10-04T08:50:59.53125Z,20.87920,-102.10649,15785.6
2026-10-04T08:51:59.53125Z,20.87333,-102.10985,14788.3
2026-10-04T08:52:59.53125Z,20.86951,-102.10978,13863.5
2026-10-04T08:53:59.53125Z,20.86701,-102.10888,13001.2
2026-10-04T08:54:59.53125Z,20.86432,-102.10802,12193.7
2026-10-04T08:55:59.53125Z,20.86072,-102.10757,11434.3
2026-10-04T08:56:59.53125Z,20.85695,-102.10874,10717.1
2026-10-04T08:57:59.53125Z,20.85414,-102.11056,10031.9
2026-10-04T08:58:59.53125Z,20.85163,-102.11221,9374.6
2026-10-04T08:59:59.53125Z,20.84995,-102.11367,8742.5
2026-10-04T09:00:59.53125Z,20.84858,-102.11532,8133.4
2026-10-04T09:01:59.53125Z,20.84727,-102.11726,7545.4
2026-10-04T09:02:59.53125Z,20.84661,-102.11880,6976.7
2026-10-04T09:03:59.53125Z,20.84655,-102.11985,6425.7
2026-10-04T09:04:59.53125Z,20.84647,-102.12110,5891.3
2026-10-04T09:05:59.53125Z,20.84600,-102.12283,5372.3
2026-10-04T09:06:59.53125Z,20.84485,-102.12556,4867.5
2026-10-04T09:07:59.53125Z,20.84329,-102.12918,4376.0
2026-10-04T09:08:59.53125Z,20.84238,-102.13242,3897.1
2026-10-04T09:09:59.53125Z,20.84222,-102.13558,3430.0
2026-10-04T09:10:59.53125Z,20.84240,-102.13964,2973.9
2026-10-04T09:11:59.53125Z,20.84225,-102.14343,2528.2
2026-10-04T09:12:59.53125Z,20.84216,-102.14581,2092.5
2026-10-04T09:13:28.125Z,20.84220,-102.14613,1889.3
